Entry,Position,AminoAcid,Exposed/Buried,RelativeSurfaceAccessilibity,HelixProbability,SheetProbability,CoilProbability,EpitopeProbability
Sequence,1,M,E,0.802,0.003,0.003,0.994,0.258111111111
Sequence,2,G,E,0.569,0.018,0.047,0.935,0.312
Sequence,3,F,E,0.326,0.052,0.084,0.864,0.373222222222
Sequence,4,W,E,0.349,0.056,0.142,0.802,0.429666666667
Sequence,5,I,E,0.281,0.118,0.150,0.732,0.482666666667
Sequence,6,L,B,0.284,0.118,0.150,0.732,0.492555555556
Sequence,7,A,E,0.35,0.118,0.150,0.732,0.496444444444
Sequence,8,I,B,0.249,0.118,0.150,0.732,0.509333333333
Sequence,9,L,B,0.198,0.191,0.086,0.723,0.524666666667
Sequence,10,T,B,0.309,0.191,0.086,0.723,0.544666666667
Sequence,11,I,B,0.236,0.184,0.043,0.773,0.555222222222
Sequence,12,L,B,0.222,0.184,0.043,0.773,0.554888888889
Sequence,13,M,E,0.361,0.184,0.043,0.773,0.566444444444
Sequence,14,Y,B,0.296,0.113,0.043,0.844,0.578555555556
Sequence,15,S,E,0.377,0.181,0.016,0.803,0.598
Sequence,16,T,E,0.313,0.181,0.016,0.803,0.605444444444
Sequence,17,A,B,0.271,0.257,0.016,0.727,0.606777777778
Sequence,18,A,B,0.319,0.257,0.016,0.727,0.607777777778
Sequence,19,K,B,0.261,0.257,0.016,0.727,0.610444444444
Sequence,20,F,B,0.183,0.181,0.016,0.803,0.613
Sequence,21,S,E,0.382,0.184,0.043,0.773,0.620666666667
Sequence,22,K,B,0.268,0.113,0.043,0.844,0.616666666667
Sequence,23,Q,B,0.261,0.053,0.043,0.903,0.609333333333
Sequence,24,S,E,0.354,0.113,0.087,0.800,0.599777777778
Sequence,25,W,B,0.218,0.113,0.087,0.800,0.599111111111
Sequence,26,G,B,0.194,0.199,0.152,0.649,0.594444444444
Sequence,27,L,B,0.194,0.191,0.086,0.723,0.587888888889
Sequence,28,E,B,0.205,0.191,0.086,0.723,0.570111111111
Sequence,29,N,E,0.374,0.191,0.086,0.723,0.554111111111
Sequence,30,E,B,0.226,0.118,0.150,0.732,0.535777777778
Sequence,31,A,B,0.19,0.118,0.150,0.732,0.535222222222
Sequence,32,L,B,0.154,0.199,0.152,0.649,0.528888888889
Sequence,33,I,B,0.169,0.199,0.152,0.649,0.514777777778
Sequence,34,V,B,0.164,0.278,0.093,0.628,0.506111111111
Sequence,35,R,B,0.158,0.354,0.048,0.598,0.502666666667
Sequence,36,C,B,0.225,0.354,0.048,0.598,0.495444444444
Sequence,37,P,B,0.109,0.354,0.048,0.598,0.503888888889
Sequence,38,R,B,0.168,0.339,0.016,0.645,0.512333333333
Sequence,39,Q,B,0.263,0.339,0.016,0.645,0.525888888889
Sequence,40,G,B,0.22,0.354,0.048,0.598,0.522888888889
Sequence,41,K,B,0.214,0.181,0.016,0.803,0.522777777778
Sequence,42,P,B,0.104,0.058,0.017,0.925,0.520777777778
Sequence,43,S,E,0.368,0.018,0.019,0.964,0.523
Sequence,44,Y,B,0.254,0.018,0.047,0.935,0.525777777778
Sequence,45,T,B,0.189,0.018,0.088,0.893,0.525444444444
Sequence,46,V,B,0.171,0.019,0.141,0.840,0.520333333333
Sequence,47,D,B,0.194,0.019,0.141,0.840,0.523111111111
Sequence,48,W,B,0.149,0.056,0.142,0.802,0.534
Sequence,49,Y,B,0.219,0.052,0.084,0.864,0.551555555556
Sequence,50,Y,B,0.195,0.053,0.043,0.903,0.577222222222
Sequence,51,S,E,0.39,0.052,0.084,0.864,0.600222222222
Sequence,52,Q,E,0.356,0.052,0.084,0.864,0.600888888889
Sequence,53,T,B,0.305,0.052,0.084,0.864,0.595
Sequence,54,N,E,0.35,0.053,0.043,0.903,0.594222222222
Sequence,55,K,B,0.205,0.058,0.017,0.925,0.596222222222
Sequence,56,S,E,0.353,0.113,0.043,0.844,0.600444444444
Sequence,57,I,B,0.17,0.113,0.087,0.800,0.586444444444
Sequence,58,P,B,0.091,0.191,0.086,0.723,0.566444444444
Sequence,59,T,E,0.277,0.191,0.086,0.723,0.557222222222
Sequence,60,Q,B,0.277,0.278,0.093,0.628,0.551111111111
Sequence,61,E,B,0.187,0.278,0.093,0.628,0.549777777778
Sequence,62,R,B,0.149,0.278,0.093,0.628,0.557333333333
Sequence,63,N,E,0.33,0.278,0.093,0.628,0.559666666667
Sequence,64,R,B,0.2,0.191,0.086,0.723,0.562111111111
Sequence,65,V,B,0.211,0.191,0.086,0.723,0.553222222222
Sequence,66,F,B,0.212,0.113,0.043,0.844,0.550111111111
Sequence,67,A,B,0.264,0.113,0.043,0.844,0.544444444444
Sequence,68,S,E,0.383,0.184,0.043,0.773,0.531888888889
Sequence,69,G,B,0.193,0.278,0.093,0.628,0.529444444444
Sequence,70,Q,B,0.208,0.278,0.093,0.628,0.522
Sequence,71,L,B,0.131,0.278,0.093,0.628,0.504888888889
Sequence,72,L,B,0.14,0.307,0.165,0.527,0.489
Sequence,73,K,B,0.208,0.191,0.086,0.723,0.487111111111
Sequence,74,F,B,0.162,0.191,0.086,0.723,0.479444444444
Sequence,75,L,B,0.134,0.191,0.086,0.723,0.480666666667
Sequence,76,P,B,0.092,0.113,0.087,0.800,0.487
Sequence,77,A,B,0.205,0.113,0.043,0.844,0.494111111111
Sequence,78,A,B,0.272,0.113,0.043,0.844,0.495111111111
Sequence,79,V,B,0.187,0.113,0.043,0.844,0.510777777778
Sequence,80,A,B,0.258,0.113,0.043,0.844,0.516222222222
Sequence,81,D,B,0.247,0.053,0.043,0.903,0.533222222222
Sequence,82,S,E,0.357,0.053,0.043,0.903,0.527444444444
Sequence,83,G,B,0.211,0.053,0.043,0.903,0.535666666667
Sequence,84,I,B,0.205,0.052,0.084,0.864,0.535
Sequence,85,Y,B,0.222,0.052,0.084,0.864,0.533
Sequence,86,T,B,0.272,0.113,0.087,0.800,0.531555555556
Sequence,87,C,B,0.27,0.113,0.087,0.800,0.527111111111
Sequence,88,I,B,0.156,0.113,0.087,0.800,0.519222222222
Sequence,89,V,B,0.223,0.113,0.087,0.800,0.526777777778
Sequence,90,R,B,0.163,0.113,0.043,0.844,0.535333333333
Sequence,91,S,E,0.346,0.113,0.043,0.844,0.541555555556
Sequence,92,P,B,0.124,0.052,0.084,0.864,0.547555555556
Sequence,93,T,B,0.294,0.113,0.087,0.800,0.550333333333
Sequence,94,F,B,0.172,0.113,0.087,0.800,0.552333333333
Sequence,95,N,E,0.312,0.113,0.087,0.800,0.546333333333
Sequence,96,R,B,0.143,0.113,0.087,0.800,0.547777777778
Sequence,97,T,B,0.27,0.113,0.087,0.800,0.55
Sequence,98,G,B,0.205,0.113,0.087,0.800,0.546333333333
Sequence,99,Y,B,0.241,0.113,0.087,0.800,0.54
Sequence,100,A,B,0.174,0.113,0.087,0.800,0.538222222222
Sequence,101,N,E,0.327,0.118,0.150,0.732,0.532777777778
Sequence,102,V,B,0.181,0.118,0.150,0.732,0.538888888889
Sequence,103,T,B,0.24,0.199,0.152,0.649,0.546777777778
Sequence,104,I,B,0.174,0.191,0.086,0.723,0.564555555556
Sequence,105,Y,B,0.237,0.191,0.086,0.723,0.571222222222
Sequence,106,K,B,0.22,0.191,0.086,0.723,0.580555555556
Sequence,107,K,B,0.243,0.191,0.086,0.723,0.585333333333
Sequence,108,Q,B,0.215,0.053,0.043,0.903,0.586111111111
Sequence,109,S,E,0.398,0.053,0.043,0.903,0.574222222222
Sequence,110,D,B,0.222,0.018,0.047,0.935,0.566222222222
Sequence,111,C,B,0.168,0.053,0.043,0.903,0.554
Sequence,112,N,E,0.304,0.053,0.043,0.903,0.542555555556
Sequence,113,V,B,0.157,0.052,0.084,0.864,0.529888888889
Sequence,114,P,B,0.06,0.052,0.084,0.864,0.519777777778
Sequence,115,D,B,0.176,0.056,0.142,0.802,0.515111111111
Sequence,116,Y,B,0.214,0.020,0.205,0.775,0.523111111111
Sequence,117,L,B,0.164,0.020,0.205,0.775,0.526777777778
Sequence,118,M,E,0.29,0.020,0.205,0.775,0.549444444444
Sequence,119,Y,B,0.273,0.018,0.088,0.893,0.567222222222
Sequence,120,S,E,0.337,0.052,0.084,0.864,0.574444444444
Sequence,121,T,E,0.356,0.053,0.043,0.903,0.588333333333
Sequence,122,V,B,0.21,0.113,0.043,0.844,0.595777777778
Sequence,123,S,E,0.419,0.257,0.016,0.727,0.608888888889
Sequence,124,G,B,0.217,0.257,0.016,0.727,0.612888888889
Sequence,125,S,E,0.403,0.181,0.016,0.803,0.602333333333
Sequence,126,E,B,0.233,0.184,0.043,0.773,0.605555555556
Sequence,127,K,B,0.238,0.184,0.043,0.773,0.593666666667
Sequence,128,N,E,0.365,0.113,0.043,0.844,0.579777777778
Sequence,129,S,E,0.367,0.053,0.043,0.903,0.572555555556
Sequence,130,K,B,0.198,0.053,0.043,0.903,0.554888888889
Sequence,131,I,B,0.192,0.052,0.084,0.864,0.537888888889
Sequence,132,Y,B,0.256,0.018,0.047,0.935,0.519
Sequence,133,C,B,0.204,0.018,0.047,0.935,0.508777777778
Sequence,134,P,B,0.072,0.018,0.047,0.935,0.502555555556
Sequence,135,T,E,0.243,0.018,0.088,0.893,0.494111111111
Sequence,136,I,B,0.144,0.056,0.142,0.802,0.496666666667
Sequence,137,D,B,0.144,0.056,0.142,0.802,0.494111111111
Sequence,138,L,B,0.143,0.056,0.142,0.802,0.497222222222
Sequence,139,Y,B,0.212,0.056,0.142,0.802,0.501666666667
Sequence,140,N,B,0.264,0.052,0.084,0.864,0.498333333333
Sequence,141,W,B,0.128,0.052,0.084,0.864,0.501666666667
Sequence,142,T,B,0.212,0.113,0.087,0.800,0.498555555556
Sequence,143,A,B,0.217,0.191,0.086,0.723,0.499444444444
Sequence,144,P,B,0.084,0.113,0.043,0.844,0.489333333333
Sequence,145,L,B,0.143,0.184,0.043,0.773,0.495333333333
Sequence,146,E,B,0.189,0.278,0.093,0.628,0.507777777778
Sequence,147,W,B,0.155,0.268,0.043,0.689,0.508666666667
Sequence,148,F,B,0.143,0.268,0.043,0.689,0.520111111111
Sequence,149,K,B,0.203,0.268,0.043,0.689,0.539333333333
Sequence,150,N,E,0.368,0.181,0.016,0.803,0.538111111111
Sequence,151,C,B,0.251,0.184,0.043,0.773,0.540111111111
Sequence,152,Q,B,0.218,0.268,0.043,0.689,0.543444444444
Sequence,153,A,B,0.283,0.268,0.043,0.689,0.552555555556
Sequence,154,L,B,0.156,0.354,0.048,0.598,0.547333333333
Sequence,155,Q,B,0.214,0.455,0.046,0.498,0.544
Sequence,156,G,B,0.186,0.455,0.046,0.498,0.551444444444
Sequence,157,S,E,0.322,0.430,0.016,0.555,0.549111111111
Sequence,158,R,B,0.153,0.354,0.048,0.598,0.552222222222
Sequence,159,Y,B,0.239,0.354,0.048,0.598,0.560333333333
Sequence,160,R,B,0.223,0.268,0.043,0.689,0.562222222222
Sequence,161,A,B,0.322,0.113,0.043,0.844,0.562777777778
Sequence,162,H,E,0.498,0.053,0.043,0.903,0.559444444444
Sequence,163,K,B,0.174,0.018,0.047,0.935,0.543
Sequence,164,S,E,0.349,0.018,0.047,0.935,0.529333333333
Sequence,165,F,B,0.177,0.056,0.142,0.802,0.528333333333
Sequence,166,L,B,0.182,0.066,0.296,0.638,0.53
Sequence,167,V,B,0.188,0.066,0.296,0.638,0.522888888889
Sequence,168,I,B,0.164,0.064,0.216,0.721,0.530444444444
Sequence,169,D,B,0.186,0.064,0.216,0.721,0.538222222222
Sequence,170,N,E,0.328,0.056,0.142,0.802,0.550555555556
Sequence,171,V,B,0.191,0.056,0.142,0.802,0.559222222222
Sequence,172,M,B,0.261,0.052,0.084,0.864,0.577444444444
Sequence,173,T,E,0.27,0.052,0.084,0.864,0.588666666667
Sequence,174,E,B,0.238,0.052,0.084,0.864,0.581444444444
Sequence,175,D,B,0.213,0.052,0.084,0.864,0.573444444444
Sequence,176,A,B,0.18,0.052,0.084,0.864,0.566666666667
Sequence,177,G,B,0.141,0.052,0.084,0.864,0.549
Sequence,178,D,B,0.171,0.056,0.142,0.802,0.542222222222
Sequence,179,Y,B,0.185,0.056,0.142,0.802,0.529
Sequence,180,T,B,0.174,0.056,0.142,0.802,0.521
Sequence,181,C,B,0.192,0.056,0.142,0.802,0.519888888889
Sequence,182,K,B,0.199,0.052,0.084,0.864,0.533111111111
Sequence,183,F,B,0.2,0.056,0.142,0.802,0.536
Sequence,184,I,B,0.166,0.056,0.142,0.802,0.546
Sequence,185,H,B,0.278,0.052,0.084,0.864,0.554444444444
Sequence,186,N,E,0.323,0.052,0.084,0.864,0.568888888889
Sequence,187,E,B,0.168,0.056,0.142,0.802,0.579555555556
Sequence,188,N,E,0.329,0.020,0.205,0.775,0.589
Sequence,189,G,B,0.15,0.020,0.205,0.775,0.602555555556
Sequence,190,A,B,0.238,0.019,0.141,0.840,0.601
Sequence,191,N,E,0.381,0.019,0.141,0.840,0.598111111111
Sequence,192,Y,B,0.251,0.019,0.141,0.840,0.600555555556
Sequence,193,S,E,0.378,0.019,0.141,0.840,0.589333333333
Sequence,194,V,B,0.203,0.056,0.142,0.802,0.597222222222
Sequence,195,T,E,0.317,0.056,0.142,0.802,0.587888888889
Sequence,196,A,B,0.284,0.052,0.084,0.864,0.580222222222
Sequence,197,T,E,0.344,0.052,0.084,0.864,0.575
Sequence,198,R,B,0.192,0.052,0.084,0.864,0.564111111111
Sequence,199,S,E,0.378,0.113,0.087,0.800,0.570111111111
Sequence,200,F,B,0.19,0.113,0.087,0.800,0.560555555556
Sequence,201,T,B,0.285,0.191,0.086,0.723,0.557666666667
Sequence,202,V,B,0.229,0.191,0.086,0.723,0.568
Sequence,203,K,B,0.204,0.184,0.043,0.773,0.555333333333
Sequence,204,D,B,0.208,0.191,0.086,0.723,0.555666666667
Sequence,205,E,B,0.201,0.113,0.087,0.800,0.553222222222
Sequence,206,Q,B,0.246,0.113,0.087,0.800,0.539666666667
Sequence,207,G,B,0.164,0.056,0.142,0.802,0.536
Sequence,208,F,B,0.159,0.052,0.084,0.864,0.518444444444
Sequence,209,S,E,0.318,0.052,0.084,0.864,0.509222222222
Sequence,210,L,B,0.152,0.056,0.142,0.802,0.495444444444
Sequence,211,F,B,0.148,0.056,0.142,0.802,0.481
Sequence,212,P,B,0.1,0.064,0.216,0.721,0.470111111111
Sequence,213,V,B,0.158,0.064,0.216,0.721,0.464222222222
Sequence,214,I,B,0.125,0.118,0.150,0.732,0.457555555556
Sequence,215,G,B,0.17,0.191,0.086,0.723,0.475444444444
Sequence,216,A,B,0.218,0.278,0.093,0.628,0.483777777778
Sequence,217,P,B,0.099,0.268,0.043,0.689,0.505777777778
Sequence,218,A,B,0.24,0.268,0.043,0.689,0.511555555556
Sequence,219,Q,B,0.276,0.268,0.043,0.689,0.525444444444
Sequence,220,N,E,0.349,0.268,0.043,0.689,0.535777777778
Sequence,221,E,B,0.211,0.191,0.086,0.723,0.541111111111
Sequence,222,I,B,0.151,0.199,0.152,0.649,0.547555555556
Sequence,223,K,B,0.177,0.199,0.152,0.649,0.547444444444
Sequence,224,E,B,0.209,0.118,0.150,0.732,0.535222222222
Sequence,225,V,B,0.14,0.118,0.150,0.732,0.533777777778
Sequence,226,E,B,0.174,0.118,0.150,0.732,0.526888888889
Sequence,227,I,B,0.166,0.125,0.227,0.648,0.533666666667
Sequence,228,G,B,0.176,0.118,0.150,0.732,0.542444444444
Sequence,229,K,B,0.238,0.113,0.087,0.800,0.545555555556
Sequence,230,N,E,0.356,0.052,0.084,0.864,0.556666666667
Sequence,231,A,B,0.253,0.052,0.084,0.864,0.550222222222
Sequence,232,N,E,0.403,0.018,0.088,0.893,0.561555555556
Sequence,233,L,B,0.194,0.018,0.088,0.893,0.573666666667
Sequence,234,T,E,0.35,0.018,0.047,0.935,0.571111111111
Sequence,235,C,B,0.285,0.018,0.047,0.935,0.573333333333
Sequence,236,S,E,0.444,0.058,0.017,0.925,0.566111111111
Sequence,237,A,E,0.399,0.058,0.017,0.925,0.559888888889
Sequence,238,C,B,0.274,0.115,0.016,0.868,0.554888888889
Sequence,239,F,B,0.188,0.268,0.043,0.689,0.554666666667
Sequence,240,G,B,0.293,0.268,0.043,0.689,0.574555555556
Sequence,241,K,B,0.26,0.268,0.043,0.689,0.568111111111
Sequence,242,G,B,0.138,0.191,0.086,0.723,0.550888888889
Sequence,243,T,B,0.272,0.191,0.086,0.723,0.540888888889
Sequence,244,Q,B,0.296,0.113,0.087,0.800,0.528666666667
Sequence,245,F,B,0.212,0.113,0.087,0.800,0.527111111111
Sequence,246,L,B,0.155,0.118,0.150,0.732,0.524
Sequence,247,A,B,0.237,0.118,0.150,0.732,0.531
Sequence,248,A,B,0.248,0.199,0.152,0.649,0.533888888889
Sequence,249,V,B,0.241,0.199,0.152,0.649,0.523222222222
Sequence,250,L,B,0.158,0.199,0.152,0.649,0.529333333333
Sequence,251,W,B,0.167,0.199,0.152,0.649,0.537555555556
Sequence,252,Q,B,0.245,0.199,0.152,0.649,0.546444444444
Sequence,253,L,B,0.189,0.199,0.152,0.649,0.555222222222
Sequence,254,N,E,0.324,0.199,0.152,0.649,0.557555555556
Sequence,255,G,B,0.169,0.118,0.150,0.732,0.557222222222
Sequence,256,T,B,0.28,0.118,0.150,0.732,0.552111111111
Sequence,257,K,B,0.219,0.118,0.150,0.732,0.539555555556
Sequence,258,I,B,0.153,0.118,0.150,0.732,0.534777777778
Sequence,259,T,B,0.247,0.191,0.086,0.723,0.520888888889
Sequence,260,D,B,0.215,0.278,0.093,0.628,0.512555555556
Sequence,261,F,B,0.134,0.278,0.093,0.628,0.510333333333
Sequence,262,G,B,0.098,0.386,0.097,0.517,0.498555555556
Sequence,263,E,B,0.127,0.386,0.097,0.517,0.501555555556
Sequence,264,P,B,0.078,0.386,0.097,0.517,0.504333333333
Sequence,265,R,B,0.141,0.386,0.097,0.517,0.507888888889
Sequence,266,I,B,0.155,0.428,0.171,0.402,0.520111111111
Sequence,267,Q,B,0.182,0.278,0.093,0.628,0.533888888889
Sequence,268,Q,B,0.249,0.191,0.086,0.723,0.548777777778
Sequence,269,E,B,0.225,0.113,0.087,0.800,0.570222222222
Sequence,270,E,B,0.238,0.118,0.150,0.732,0.587666666667
Sequence,271,G,B,0.172,0.118,0.150,0.732,0.608222222222
Sequence,272,Q,B,0.246,0.056,0.142,0.802,0.615555555556
Sequence,273,N,E,0.367,0.052,0.084,0.864,0.629444444444
Sequence,274,Q,B,0.278,0.052,0.084,0.864,0.635444444444
Sequence,275,S,E,0.433,0.018,0.088,0.893,0.632777777778
Sequence,276,F,B,0.196,0.018,0.047,0.935,0.628444444444
Sequence,277,S,E,0.405,0.018,0.047,0.935,0.635333333333
Sequence,278,N,E,0.397,0.053,0.043,0.903,0.617777777778
Sequence,279,G,B,0.218,0.052,0.084,0.864,0.595111111111
Sequence,280,L,B,0.179,0.052,0.084,0.864,0.583333333333
Sequence,281,A,B,0.317,0.113,0.043,0.844,0.577
Sequence,282,C,E,0.301,0.184,0.043,0.773,0.561777777778
Sequence,283,L,B,0.209,0.268,0.043,0.689,0.546666666667
Sequence,284,D,B,0.278,0.268,0.043,0.689,0.539444444444
Sequence,285,M,E,0.286,0.354,0.048,0.598,0.523333333333
Sequence,286,V,B,0.174,0.386,0.097,0.517,0.504444444444
Sequence,287,L,B,0.155,0.386,0.097,0.517,0.505555555556
Sequence,288,R,B,0.171,0.386,0.097,0.517,0.515777777778
Sequence,289,I,B,0.167,0.278,0.093,0.628,0.519444444444
Sequence,290,A,B,0.203,0.354,0.048,0.598,0.515333333333
Sequence,291,D,B,0.209,0.354,0.048,0.598,0.512111111111
Sequence,292,V,B,0.191,0.354,0.048,0.598,0.512555555556
Sequence,293,K,B,0.239,0.354,0.048,0.598,0.511111111111
Sequence,294,E,B,0.213,0.184,0.043,0.773,0.522222222222
Sequence,295,E,B,0.177,0.113,0.043,0.844,0.527
Sequence,296,D,B,0.144,0.113,0.087,0.800,0.525666666667
Sequence,297,L,B,0.145,0.125,0.227,0.648,0.521
Sequence,298,L,B,0.148,0.125,0.227,0.648,0.518222222222
Sequence,299,L,B,0.165,0.125,0.227,0.648,0.513555555556
Sequence,300,Q,B,0.217,0.118,0.150,0.732,0.510333333333
Sequence,301,Y,B,0.224,0.052,0.084,0.864,0.508444444444
Sequence,302,D,B,0.185,0.052,0.084,0.864,0.509222222222
Sequence,303,C,B,0.178,0.053,0.043,0.903,0.509
Sequence,304,L,B,0.152,0.184,0.043,0.773,0.504777777778
Sequence,305,A,B,0.219,0.268,0.043,0.689,0.513111111111
Sequence,306,L,B,0.123,0.354,0.048,0.598,0.508444444444
Sequence,307,N,E,0.268,0.339,0.016,0.645,0.491444444444
Sequence,308,L,B,0.132,0.455,0.046,0.498,0.496333333333
Sequence,309,H,B,0.199,0.561,0.047,0.393,0.505555555556
Sequence,310,G,B,0.125,0.561,0.047,0.393,0.512777777778
Sequence,311,L,B,0.141,0.561,0.047,0.393,0.513111111111
Sequence,312,R,B,0.138,0.455,0.046,0.498,0.513111111111
Sequence,313,R,B,0.177,0.455,0.046,0.498,0.522777777778
Sequence,314,H,E,0.336,0.354,0.048,0.598,0.523
Sequence,315,T,B,0.222,0.278,0.093,0.628,0.533888888889
Sequence,316,V,B,0.218,0.278,0.093,0.628,0.547777777778
Sequence,317,R,B,0.152,0.278,0.093,0.628,0.553666666667
Sequence,318,L,B,0.156,0.278,0.093,0.628,0.552111111111
Sequence,319,S,E,0.361,0.278,0.093,0.628,0.535222222222
Sequence,320,R,B,0.158,0.268,0.043,0.689,0.529222222222
Sequence,321,K,B,0.144,0.184,0.043,0.773,0.525555555556
Sequence,322,N,E,0.321,0.184,0.043,0.773,0.519888888889
Sequence,323,P,B,0.099,0.113,0.087,0.800,0.524111111111
Sequence,324,I,B,0.154,0.113,0.087,0.800,0.524666666667
Sequence,325,D,B,0.216,0.052,0.084,0.864,0.514555555556
Sequence,326,H,E,0.455,0.018,0.047,0.935,0.508777777778
Sequence,327,H,E,0.308,0.018,0.047,0.935,0.499888888889
Sequence,328,S,E,0.324,0.018,0.088,0.893,0.501555555556
Sequence,329,I,B,0.174,0.018,0.088,0.893,0.502444444444
Sequence,330,Y,B,0.246,0.018,0.088,0.893,0.497333333333
Sequence,331,C,B,0.202,0.018,0.088,0.893,0.489222222222
Sequence,332,I,B,0.151,0.018,0.088,0.893,0.483444444444
Sequence,333,I,B,0.203,0.056,0.142,0.802,0.481111111111
Sequence,334,A,B,0.299,0.052,0.084,0.864,0.490888888889
Sequence,335,V,B,0.236,0.053,0.043,0.903,0.494222222222
Sequence,336,C,B,0.247,0.053,0.043,0.903,0.499444444444
Sequence,337,S,E,0.459,0.115,0.016,0.868,0.513
Sequence,338,V,E,0.351,0.184,0.043,0.773,0.514666666667
Sequence,339,F,B,0.205,0.268,0.043,0.689,0.516555555556
Sequence,340,L,B,0.192,0.268,0.043,0.689,0.522555555556
Sequence,341,M,E,0.364,0.354,0.048,0.598,0.517333333333
Sequence,342,L,B,0.206,0.354,0.048,0.598,0.51
Sequence,343,I,B,0.207,0.386,0.097,0.517,0.507111111111
Sequence,344,N,E,0.375,0.386,0.097,0.517,0.502777777778
Sequence,345,V,B,0.241,0.278,0.093,0.628,0.494222222222
Sequence,346,L,B,0.16,0.278,0.093,0.628,0.481666666667
Sequence,347,V,B,0.207,0.386,0.097,0.517,0.487222222222
Sequence,348,I,B,0.237,0.386,0.097,0.517,0.49
Sequence,349,I,B,0.168,0.386,0.097,0.517,0.491333333333
Sequence,350,L,B,0.156,0.386,0.097,0.517,0.492
Sequence,351,K,B,0.204,0.354,0.048,0.598,0.485222222222
Sequence,352,M,B,0.271,0.268,0.043,0.689,0.487888888889
Sequence,353,F,B,0.195,0.268,0.043,0.689,0.478222222222
Sequence,354,W,B,0.129,0.278,0.093,0.628,0.484111111111
Sequence,355,I,B,0.159,0.278,0.093,0.628,0.483777777778
Sequence,356,E,B,0.167,0.268,0.043,0.689,0.476111111111
Sequence,357,A,B,0.163,0.268,0.043,0.689,0.469333333333
Sequence,358,T,B,0.207,0.268,0.043,0.689,0.463555555556
Sequence,359,L,B,0.128,0.354,0.048,0.598,0.462666666667
Sequence,360,L,B,0.157,0.455,0.046,0.498,0.458777777778
Sequence,361,W,B,0.123,0.455,0.046,0.498,0.451222222222
Sequence,362,R,B,0.094,0.561,0.047,0.393,0.463333333333
Sequence,363,D,B,0.136,0.455,0.046,0.498,0.460111111111
Sequence,364,I,B,0.105,0.455,0.046,0.498,0.469111111111
Sequence,365,A,B,0.193,0.455,0.046,0.498,0.476888888889
Sequence,366,K,B,0.2,0.354,0.048,0.598,0.488777777778
Sequence,367,P,B,0.111,0.268,0.043,0.689,0.501444444444
Sequence,368,Y,B,0.193,0.268,0.043,0.689,0.505222222222
Sequence,369,K,B,0.187,0.278,0.093,0.628,0.517555555556
Sequence,370,T,E,0.261,0.278,0.093,0.628,0.514666666667
Sequence,371,R,B,0.166,0.191,0.086,0.723,0.520777777778
Sequence,372,N,E,0.32,0.191,0.086,0.723,0.514444444444
Sequence,373,D,B,0.171,0.118,0.150,0.732,0.507333333333
Sequence,374,G,B,0.113,0.118,0.150,0.732,0.500777777778
Sequence,375,K,B,0.17,0.125,0.227,0.648,0.492555555556
Sequence,376,L,B,0.139,0.125,0.227,0.648,0.484222222222
Sequence,377,Y,B,0.164,0.125,0.227,0.648,0.472777777778
Sequence,378,D,B,0.131,0.056,0.142,0.802,0.467111111111
Sequence,379,A,B,0.131,0.118,0.150,0.732,0.470111111111
Sequence,380,Y,B,0.13,0.125,0.227,0.648,0.449555555556
Sequence,381,V,B,0.1,0.125,0.227,0.648,0.465333333333
Sequence,382,V,B,0.102,0.199,0.152,0.649,0.475
Sequence,383,Y,B,0.146,0.191,0.086,0.723,0.483222222222
Sequence,384,P,B,0.079,0.278,0.093,0.628,0.497666666667
Sequence,385,R,B,0.136,0.184,0.043,0.773,0.514111111111
Sequence,386,N,E,0.312,0.113,0.043,0.844,0.539333333333
Sequence,387,Y,B,0.26,0.113,0.043,0.844,0.559222222222
Sequence,388,K,B,0.203,0.113,0.043,0.844,0.577
Sequence,389,S,E,0.373,0.058,0.017,0.925,0.595222222222
Sequence,390,S,E,0.397,0.058,0.017,0.925,0.599777777778
Sequence,391,T,E,0.339,0.053,0.043,0.903,0.598666666667
Sequence,392,D,B,0.253,0.053,0.043,0.903,0.597666666667
Sequence,393,G,B,0.175,0.113,0.043,0.844,0.580111111111
Sequence,394,A,B,0.174,0.191,0.086,0.723,0.574777777778
Sequence,395,S,E,0.329,0.191,0.086,0.723,0.569
Sequence,396,R,B,0.181,0.113,0.087,0.800,0.556888888889
Sequence,397,V,B,0.166,0.118,0.150,0.732,0.536
Sequence,398,E,B,0.215,0.118,0.150,0.732,0.526111111111
Sequence,399,H,E,0.348,0.056,0.142,0.802,0.521111111111
Sequence,400,F,B,0.172,0.056,0.142,0.802,0.505666666667
Sequence,401,V,B,0.152,0.064,0.216,0.721,0.485555555556
Sequence,402,H,B,0.209,0.064,0.216,0.721,0.484111111111
Sequence,403,Q,B,0.163,0.064,0.216,0.721,0.473777777778
Sequence,404,I,B,0.101,0.066,0.296,0.638,0.457333333333
Sequence,405,L,B,0.084,0.064,0.216,0.721,0.452333333333
Sequence,406,P,B,0.077,0.056,0.142,0.802,0.465888888889
Sequence,407,D,B,0.159,0.056,0.142,0.802,0.479
Sequence,408,V,B,0.145,0.118,0.150,0.732,0.482
Sequence,409,L,B,0.13,0.118,0.150,0.732,0.496333333333
Sequence,410,E,B,0.148,0.113,0.087,0.800,0.514666666667
Sequence,411,N,E,0.355,0.113,0.043,0.844,0.514
Sequence,412,K,B,0.228,0.053,0.043,0.903,0.509888888889
Sequence,413,C,B,0.223,0.053,0.043,0.903,0.516222222222
Sequence,414,G,B,0.195,0.053,0.043,0.903,0.522888888889
Sequence,415,Y,B,0.264,0.052,0.084,0.864,0.518777777778
Sequence,416,T,B,0.188,0.052,0.084,0.864,0.506666666667
Sequence,417,L,B,0.147,0.113,0.087,0.800,0.494111111111
Sequence,418,C,B,0.253,0.113,0.087,0.800,0.486666666667
Sequence,419,I,B,0.195,0.278,0.093,0.628,0.496
Sequence,420,Y,E,0.273,0.268,0.043,0.689,0.515888888889
Sequence,421,G,B,0.197,0.268,0.043,0.689,0.520222222222
Sequence,422,R,B,0.106,0.268,0.043,0.689,0.517555555556
Sequence,423,D,B,0.173,0.278,0.093,0.628,0.511888888889
Sequence,424,M,E,0.305,0.278,0.093,0.628,0.513444444444
Sequence,425,L,B,0.197,0.191,0.086,0.723,0.528111111111
Sequence,426,P,B,0.148,0.191,0.086,0.723,0.530222222222
Sequence,427,G,B,0.192,0.113,0.087,0.800,0.537111111111
Sequence,428,E,B,0.224,0.118,0.150,0.732,0.536222222222
Sequence,429,D,B,0.184,0.056,0.142,0.802,0.530666666667
Sequence,430,V,B,0.19,0.056,0.142,0.802,0.524666666667
Sequence,431,V,B,0.196,0.052,0.084,0.864,0.528888888889
Sequence,432,T,B,0.237,0.113,0.043,0.844,0.530444444444
Sequence,433,A,B,0.247,0.184,0.043,0.773,0.535222222222
Sequence,434,V,B,0.199,0.339,0.016,0.645,0.520222222222
Sequence,435,E,B,0.134,0.430,0.016,0.555,0.519111111111
Sequence,436,T,B,0.213,0.522,0.016,0.462,0.521333333333
Sequence,437,N,E,0.298,0.717,0.014,0.269,0.510222222222
Sequence,438,I,B,0.134,0.717,0.014,0.269,0.511444444444
Sequence,439,R,B,0.084,0.717,0.014,0.269,0.524111111111
Sequence,440,K,B,0.224,0.717,0.014,0.269,0.534
Sequence,441,S,E,0.432,0.694,0.003,0.303,0.536333333333
Sequence,442,R,B,0.248,0.502,0.002,0.495,0.529222222222
Sequence,443,R,B,0.257,0.246,0.004,0.750,0.528888888889
Sequence,444,H,E,0.518,0.058,0.017,0.925,0.523444444444
Sequence,445,I,B,0.176,0.052,0.084,0.864,0.515111111111
Sequence,446,F,B,0.155,0.064,0.216,0.721,0.504888888889
Sequence,447,I,B,0.151,0.021,0.279,0.699,0.499333333333
Sequence,448,L,B,0.119,0.064,0.216,0.721,0.489111111111
Sequence,449,T,B,0.148,0.064,0.216,0.721,0.49
Sequence,450,P,B,0.077,0.056,0.142,0.802,0.496444444444
Sequence,451,Q,B,0.184,0.052,0.084,0.864,0.499666666667
Sequence,452,I,B,0.154,0.113,0.087,0.800,0.508444444444
Sequence,453,T,B,0.29,0.113,0.087,0.800,0.524777777778
Sequence,454,H,E,0.383,0.184,0.043,0.773,0.534555555556
Sequence,455,N,B,0.278,0.191,0.086,0.723,0.545222222222
Sequence,456,K,B,0.142,0.191,0.086,0.723,0.537222222222
Sequence,457,E,B,0.149,0.118,0.150,0.732,0.543777777778
Sequence,458,F,B,0.145,0.118,0.150,0.732,0.535222222222
Sequence,459,A,B,0.172,0.118,0.150,0.732,0.538555555556
Sequence,460,Y,B,0.181,0.113,0.087,0.800,0.535111111111
Sequence,461,E,B,0.126,0.113,0.087,0.800,0.536666666667
Sequence,462,Q,B,0.156,0.118,0.150,0.732,0.524888888889
Sequence,463,E,B,0.153,0.056,0.142,0.802,0.523222222222
Sequence,464,V,B,0.165,0.056,0.142,0.802,0.524111111111
Sequence,465,A,B,0.212,0.056,0.142,0.802,0.528111111111
Sequence,466,L,B,0.205,0.052,0.084,0.864,0.529555555556
Sequence,467,H,E,0.404,0.052,0.084,0.864,0.529333333333
Sequence,468,C,B,0.223,0.052,0.084,0.864,0.524777777778
Sequence,469,A,B,0.257,0.113,0.087,0.800,0.532222222222
Sequence,470,L,B,0.206,0.191,0.086,0.723,0.530555555556
Sequence,471,I,B,0.19,0.191,0.086,0.723,0.536333333333
Sequence,472,Q,B,0.23,0.184,0.043,0.773,0.538333333333
Sequence,473,N,E,0.391,0.184,0.043,0.773,0.538
Sequence,474,D,B,0.201,0.191,0.086,0.723,0.542222222222
Sequence,475,A,B,0.221,0.191,0.086,0.723,0.530444444444
Sequence,476,K,B,0.194,0.191,0.086,0.723,0.524555555556
Sequence,477,V,B,0.218,0.199,0.152,0.649,0.524777777778
Sequence,478,I,B,0.185,0.307,0.165,0.527,0.522
Sequence,479,L,B,0.178,0.307,0.165,0.527,0.530555555556
Sequence,480,I,B,0.197,0.307,0.165,0.527,0.526777777778
Sequence,481,E,B,0.225,0.191,0.086,0.723,0.527555555556
Sequence,482,M,E,0.302,0.191,0.086,0.723,0.539222222222
Sequence,483,E,B,0.25,0.191,0.086,0.723,0.544444444444
Sequence,484,A,B,0.27,0.184,0.043,0.773,0.546666666667
Sequence,485,L,B,0.161,0.268,0.043,0.689,0.559333333333
Sequence,486,S,E,0.437,0.268,0.043,0.689,0.564777777778
Sequence,487,E,B,0.262,0.268,0.043,0.689,0.559
Sequence,488,L,B,0.181,0.268,0.043,0.689,0.549444444444
Sequence,489,D,B,0.238,0.278,0.093,0.628,0.549666666667
Sequence,490,M,E,0.304,0.191,0.086,0.723,0.550777777778
Sequence,491,L,B,0.178,0.191,0.086,0.723,0.551444444444
Sequence,492,Q,B,0.237,0.191,0.086,0.723,0.544222222222
Sequence,493,A,B,0.267,0.191,0.086,0.723,0.555333333333
Sequence,494,E,B,0.222,0.191,0.086,0.723,0.559888888889
Sequence,495,A,B,0.24,0.191,0.086,0.723,0.556111111111
Sequence,496,L,B,0.174,0.278,0.093,0.628,0.562111111111
Sequence,497,Q,B,0.24,0.268,0.043,0.689,0.574111111111
Sequence,498,D,B,0.209,0.268,0.043,0.689,0.589666666667
Sequence,499,S,E,0.393,0.268,0.043,0.689,0.589777777778
Sequence,500,L,B,0.198,0.354,0.048,0.598,0.595444444444
Sequence,501,Q,B,0.312,0.268,0.043,0.689,0.610333333333
Sequence,502,H,E,0.452,0.184,0.043,0.773,0.596444444444
Sequence,503,L,B,0.149,0.191,0.086,0.723,0.586111111111
Sequence,504,M,E,0.287,0.199,0.152,0.649,0.572444444444
Sequence,505,K,B,0.235,0.118,0.150,0.732,0.568444444444
Sequence,506,V,B,0.206,0.118,0.150,0.732,0.551555555556
Sequence,507,Q,B,0.195,0.118,0.150,0.732,0.542666666667
Sequence,508,G,B,0.15,0.118,0.150,0.732,0.535111111111
Sequence,509,T,B,0.208,0.191,0.086,0.723,0.517777777778
Sequence,510,I,B,0.142,0.278,0.093,0.628,0.509
Sequence,511,K,B,0.164,0.386,0.097,0.517,0.524444444444
Sequence,512,W,B,0.196,0.386,0.097,0.517,0.532
Sequence,513,R,B,0.159,0.354,0.048,0.598,0.542666666667
Sequence,514,E,B,0.207,0.268,0.043,0.689,0.547222222222
Sequence,515,D,B,0.229,0.113,0.043,0.844,0.560333333333
Sequence,516,H,E,0.378,0.113,0.087,0.800,0.567888888889
Sequence,517,I,B,0.152,0.118,0.150,0.732,0.586777777778
Sequence,518,A,B,0.222,0.199,0.152,0.649,0.599333333333
Sequence,519,N,E,0.367,0.191,0.086,0.723,0.594555555556
Sequence,520,K,B,0.246,0.191,0.086,0.723,0.587222222222
Sequence,521,R,B,0.186,0.113,0.087,0.800,0.577666666667
Sequence,522,S,E,0.406,0.052,0.084,0.864,0.581777777778
Sequence,523,L,B,0.198,0.052,0.084,0.864,0.572222222222
Sequence,524,N,E,0.298,0.113,0.087,0.800,0.556888888889
Sequence,525,S,E,0.344,0.113,0.043,0.844,0.542444444444
Sequence,526,K,B,0.202,0.113,0.043,0.844,0.521777777778
Sequence,527,F,B,0.152,0.191,0.086,0.723,0.504888888889
Sequence,528,W,B,0.114,0.278,0.093,0.628,0.503666666667
Sequence,529,K,B,0.158,0.354,0.048,0.598,0.501
Sequence,530,H,B,0.241,0.354,0.048,0.598,0.503111111111
Sequence,531,V,B,0.177,0.386,0.097,0.517,0.489
Sequence,532,R,B,0.122,0.386,0.097,0.517,0.492555555556
Sequence,533,Y,B,0.177,0.278,0.093,0.628,0.491222222222
Sequence,534,Q,B,0.144,0.278,0.093,0.628,0.488222222222
Sequence,535,M,B,0.246,0.191,0.086,0.723,0.489333333333
Sequence,536,P,B,0.093,0.191,0.086,0.723,0.500888888889
Sequence,537,V,B,0.185,0.113,0.087,0.800,0.494
Sequence,538,P,B,0.069,0.184,0.043,0.773,0.487666666667
Sequence,539,S,E,0.338,0.268,0.043,0.689,0.491777777778
Sequence,540,K,B,0.202,0.268,0.043,0.689,0.505888888889
Sequence,541,I,B,0.137,0.268,0.043,0.689,0.511666666667
Sequence,542,P,B,0.106,0.268,0.043,0.689,0.533777777778
Sequence,543,R,B,0.257,0.268,0.043,0.689,0.551555555556
Sequence,544,K,B,0.269,0.184,0.043,0.773,0.559111111111
Sequence,545,A,B,0.211,0.113,0.043,0.844,0.563444444444
Sequence,546,S,E,0.394,0.058,0.017,0.925,0.575888888889
Sequence,547,S,E,0.461,0.058,0.017,0.925,0.587555555556
Sequence,548,L,B,0.181,0.053,0.043,0.903,0.585444444444
Sequence,549,T,E,0.325,0.113,0.043,0.844,0.585
Sequence,550,P,B,0.211,0.115,0.016,0.868,0.599888888889
Sequence,551,L,B,0.268,0.115,0.016,0.868,0.597
Sequence,552,A,E,0.356,0.115,0.016,0.868,0.597111111111
Sequence,553,A,E,0.431,0.113,0.043,0.844,0.533777777778
Sequence,554,Q,E,0.488,0.115,0.016,0.868,0.465222222222
Sequence,555,K,E,0.478,0.115,0.016,0.868,0.404333333333
Sequence,556,Q,E,0.876,0.003,0.003,0.994,0.343666666667
